framed,round,PU,QL,NE_PU,NE_QL,IBT_PU,IBT_QL,AS_N,AS_PU,AS_QL,PS_N,PS_PU,PS_QL,QRE_lambda,QRE_PU,QRE_QL,NE_ed,IBT_ed,AS_ed,PS_ed,QRE_ed
0,1,0.807692308,0.115384615,0.2,0.25,0.473610907,0.137021066,2,0.4751,0.2755,3,0.5329,0.2241,0.296140181,0.523967738,0.276998612,0.622423684,0.334781299,0.36912678,0.295516239,0.326525214
0,2,0.653846154,0.134615385,0.2,0.25,0.473610907,0.137021066,3,0.4399,0.1757,3,0.5329,0.2241,0.356601699,0.503376906,0.25315661,0.468284039,0.180251301,0.217855233,0.150450884,0.191554213
0,3,0.576923077,0.179487179,0.2,0.25,0.473610907,0.137021066,3,0.4399,0.1757,3,0.5329,0.2241,0.374046605,0.497235008,0.247535939,0.383461946,0.111699487,0.137075404,0.062676431,0.104789418
0,4,0.567307692,0.173076923,0.2,0.25,0.473610907,0.137021066,3,0.4399,0.1757,3,0.5329,0.2241,0.39041281,0.491459229,0.242707205,0.375276033,0.100394783,0.127434691,0.061540586,0.102962933
0,5,0.538461538,0.2,0.2,0.25,0.473610907,0.137021066,2,0.4751,0.2755,3,0.5329,0.2241,0.389855841,0.491655704,0.242864824,0.342134788,0.090398842,0.098564368,0.024733393,0.063467939
0,6,0.532051282,0.211538462,0.2,0.25,0.473610907,0.137021066,2,0.4751,0.2755,3,0.5329,0.2241,0.382410424,0.494283185,0.245016642,0.334271363,0.094700157,0.085641853,0.012590178,0.050469969
0,7,0.527472527,0.203296703,0.2,0.25,0.473610907,0.137021066,2,0.4751,0.2755,3,0.5329,0.2241,0.398803417,0.488501797,0.24038772,0.330786115,0.085402191,0.089197521,0.021499642,0.053800198
0,8,0.504807692,0.1875,0.2,0.25,0.473610907,0.137021066,3,0.4399,0.1757,3,0.5329,0.2241,0.450912932,0.470381992,0.22807949,0.311149448,0.059341067,0.065971574,0.046138246,0.053214884
0,9,0.487179487,0.192307692,0.2,0.25,0.473610907,0.137021066,3,0.4399,0.1757,3,0.5329,0.2241,0.473394264,0.462779665,0.223743299,0.292917156,0.0569273,0.050111529,0.055687666,0.039793827
0,10,0.484615385,0.188461538,0.2,0.25,0.473610907,0.137021066,3,0.4399,0.1757,7,0.4311,0.2029,0.48312687,0.459540662,0.222023916,0.291192204,0.05260438,0.046500779,0.055428924,0.041894808
0,11,0.479020979,0.195804196,0.2,0.25,0.473610907,0.137021066,3,0.4399,0.1757,7,0.4311,0.2029,0.483329543,0.45947357,0.221989071,0.284235627,0.059031562,0.043984426,0.048443479,0.032676427
0,12,0.487179487,0.192307692,0.2,0.25,0.473610907,0.137021066,3,0.4399,0.1757,3,0.5329,0.2241,0.473394264,0.462779665,0.223743299,0.292917156,0.0569273,0.050111529,0.055687666,0.039793827
0,13,0.476331361,0.186390533,0.2,0.25,0.473610907,0.137021066,3,0.4399,0.1757,7,0.4311,0.2029,0.50126022,0.453598167,0.219054172,0.283558081,0.049444364,0.037967506,0.048150166,0.039795872
0,14,0.461538462,0.186813187,0.2,0.25,0.473610907,0.137021066,3,0.4399,0.1757,7,0.4311,0.2029,0.530830322,0.444184634,0.21480422,0.269063079,0.051234747,0.024325418,0.034427976,0.032934075
0,15,0.451282051,0.184615385,0.2,0.25,0.473610907,0.137021066,3,0.4399,0.1757,7,0.4311,0.2029,0.556896702,0.436189212,0.21159632,0.259649412,0.052571827,0.014458049,0.027233111,0.030915444
0,16,0.447115385,0.180288462,0.2,0.25,0.473610907,0.137021066,3,0.4399,0.1757,7,0.4311,0.2029,0.572467679,0.431553307,0.209893442,0.256760028,0.050735394,0.008550775,0.027708739,0.033445973
0,17,0.443438914,0.169683258,0.2,0.25,0.473610907,0.137021066,3,0.4399,0.1757,7,0.4311,0.2029,0.594563797,0.42515756,0.207723046,0.256346024,0.044465357,0.006980337,0.035434457,0.042204661
0,18,0.44017094,0.164529915,0.2,0.25,0.473610907,0.137021066,3,0.4399,0.1757,7,0.4311,0.2029,0.608754384,0.421163718,0.206468754,0.254925903,0.043300902,0.011173371,0.039427724,0.046044986
0,19,0.435222672,0.16194332,0.2,0.25,0.473610907,0.137021066,3,0.4399,0.1757,7,0.4311,0.2029,0.624391825,0.416865453,0.205202485,0.251164656,0.045768716,0.014530094,0.04116365,0.046993008
0,20,0.430769231,0.163461538,0.2,0.25,0.473610907,0.137021066,3,0.4399,0.1757,7,0.4311,0.2029,0.634580338,0.414122649,0.204438618,0.246461646,0.050343895,0.015269279,0.039439849,0.044229286
0,21,0.428571429,0.164835165,0.2,0.25,0.473610907,0.137021066,3,0.4399,0.1757,7,0.4311,0.2029,0.639091097,0.412922795,0.204115084,0.24392201,0.052935609,0.015696534,0.038148727,0.042282287
0,22,0.43006993,0.160839161,0.2,0.25,0.473610907,0.137021066,3,0.4399,0.1757,7,0.4311,0.2029,0.639345099,0.412855494,0.204097126,0.246742432,0.049629813,0.017817823,0.04207345,0.046557367
0,23,0.429765886,0.158862876,0.2,0.25,0.473610907,0.137021066,3,0.4399,0.1757,7,0.4311,0.2029,0.642295157,0.412075894,0.203890575,0.24718078,0.048984186,0.019651692,0.044057328,0.048377985
0,24,0.432692308,0.155448718,0.2,0.25,0.473610907,0.137021066,3,0.4399,0.1757,7,0.4311,0.2029,0.638081877,0.413190477,0.204186707,0.251168579,0.04487661,0.021495703,0.047477991,0.052494885
0,25,0.429230769,0.149230769,0.2,0.25,0.473610907,0.137021066,3,0.4399,0.1757,7,0.4311,0.2029,0.653707925,0.409095352,0.203125549,0.250402044,0.04602905,0.028538617,0.053701772,0.057533315
0,26,0.426035503,0.144970414,0.2,0.25,0.473610907,0.137021066,3,0.4399,0.1757,7,0.4311,0.2029,0.66654677,0.40580925,0.202326779,0.249245386,0.048234958,0.033712486,0.058150546,0.060818204
0,27,0.421652422,0.145299145,0.2,0.25,0.473610907,0.137021066,3,0.4399,0.1757,7,0.4311,0.2029,0.678399127,0.402837803,0.201644155,0.245136829,0.052613789,0.03545682,0.058370499,0.059403283
0,28,0.417582418,0.144230769,0.2,0.25,0.473610907,0.137021066,3,0.4399,0.1757,7,0.4311,0.2029,0.691041328,0.399733275,0.200970542,0.241928168,0.056490454,0.038579619,0.060206342,0.059481036
0,29,0.413793103,0.144562334,0.2,0.25,0.473610907,0.137021066,3,0.4399,0.1757,7,0.4311,0.2029,0.701912755,0.397116484,0.200433731,0.238379094,0.060291296,0.040634029,0.060850735,0.058307141
0,30,0.411538462,0.144871795,0.2,0.25,0.473610907,0.137021066,3,0.4399,0.1757,7,0.4311,0.2029,0.708433965,0.395569987,0.200129655,0.23622121,0.062566944,0.041889797,0.061236642,0.057518895
0,31,0.41191067,0.141439206,0.2,0.25,0.473610907,0.137021066,3,0.4399,0.1757,7,0.4311,0.2029,0.710296624,0.395131426,0.200045193,0.238099933,0.061858219,0.044240305,0.064386797,0.060960682
0,32,0.407451923,0.138221154,0.2,0.25,0.473610907,0.137021066,3,0.4399,0.1757,7,0.4311,0.2029,0.726607343,0.39135051,0.199349197,0.235649763,0.066169867,0.049573598,0.068866426,0.063213077
0,33,0.403263403,0.134032634,0.2,0.25,0.473610907,0.137021066,7,0.381,0.1848,11,0.3821,0.2027,0.74300863,0.387654446,0.198723968,0.234018036,0.070410951,0.055434507,0.071854692,0.066547789
0,34,0.397058824,0.132352941,0.2,0.25,0.473610907,0.137021066,7,0.381,0.1848,11,0.3821,0.2027,0.764275705,0.383015758,0.19801534,0.229506014,0.076694282,0.054850522,0.071919921,0.067147288
0,35,0.392307692,0.131868132,0.2,0.25,0.473610907,0.137021066,7,0.381,0.1848,11,0.3821,0.2027,0.78055072,0.37958003,0.197544391,0.225693125,0.081466345,0.05412621,0.071563612,0.066898164
0,36,0.389957265,0.131410256,0.2,0.25,0.473610907,0.137021066,7,0.381,0.1848,11,0.3821,0.2027,0.788940969,0.377846504,0.197324027,0.223935906,0.083841595,0.054135915,0.071721434,0.067017129
0,37,0.388773389,0.128898129,0.2,0.25,0.473610907,0.137021066,7,0.381,0.1848,11,0.3821,0.2027,0.79463066,0.37668529,0.197182854,0.224278968,0.085225504,0.056439745,0.074102971,0.069346419
0,38,0.384615385,0.12854251,0.2,0.25,0.473610907,0.137021066,7,0.381,0.1848,11,0.3821,0.2027,0.809534386,0.373697623,0.19684328,0.220985887,0.089398484,0.056373541,0.074200138,0.069167859
0,39,0.383629191,0.129191321,0.2,0.25,0.473610907,0.137021066,7,0.381,0.1848,11,0.3821,0.2027,0.812720049,0.373069019,0.196776156,0.219805406,0.090321725,0.055670798,0.073524583,0.068404877
0,40,0.384615385,0.126923077,0.2,0.25,0.473610907,0.137021066,7,0.381,0.1848,11,0.3821,0.2027,0.810458062,0.373515001,0.196823625,0.221880078,0.089566581,0.057989734,0.07581866,0.070776445
0,41,0.383677298,0.125703565,0.2,0.25,0.473610907,0.137021066,7,0.381,0.1848,11,0.3821,0.2027,0.81449788,0.372719727,0.196739506,0.22178132,0.090642925,0.05915705,0.077012589,0.071876097
0,42,0.381868132,0.123626374,0.2,0.25,0.473610907,0.137021066,7,0.381,0.1848,11,0.3821,0.2027,0.82213041,0.371232394,0.196588618,0.221464017,0.092715449,0.061179786,0.079073966,0.073733357
0,43,0.382826476,0.121645796,0.2,0.25,0.473610907,0.137021066,7,0.381,0.1848,11,0.3821,0.2027,0.819735956,0.371696867,0.196634839,0.2233838,0.092077206,0.06318061,0.08105746,0.075810453
0,44,0.383741259,0.122377622,0.2,0.25,0.473610907,0.137021066,7,0.381,0.1848,11,0.3821,0.2027,0.816089247,0.372407986,0.196707186,0.223714822,0.091054841,0.062482539,0.080339144,0.075188611
0,45,0.382905983,0.123076923,0.2,0.25,0.473610907,0.137021066,7,0.381,0.1848,11,0.3821,0.2027,0.818690018,0.371900366,0.196655347,0.222629886,0.091770487,0.061752498,0.079627156,0.074396963
0,46,0.383779264,0.122073579,0.2,0.25,0.473610907,0.137021066,7,0.381,0.1848,11,0.3821,0.2027,0.816118863,0.372402193,0.196706589,0.2239196,0.091066741,0.062787963,0.080643907,0.075495192
0,47,0.382160393,0.119476268,0.2,0.25,0.473610907,0.137021066,7,0.381,0.1848,11,0.3821,0.2027,0.823243155,0.371017203,0.19656748,0.224095634,0.093118293,0.065334037,0.083223754,0.077892397
0,48,0.380608974,0.116987179,0.2,0.25,0.473610907,0.137021066,7,0.381,0.1848,11,0.3821,0.2027,0.830034459,0.369712854,0.1964431,0.224303393,0.095135251,0.067813948,0.085725788,0.080199556
0,49,0.375981162,0.115384615,0.2,0.25,0.473610907,0.137021066,7,0.381,0.1848,11,0.3821,0.2027,0.847590269,0.366411642,0.196156958,0.221564147,0.099998516,0.069596583,0.087529518,0.081337243
0,50,0.373076923,0.115384615,0.2,0.25,0.473610907,0.137021066,4,0.3489,0.1797,11,0.3821,0.2027,0.858418617,0.364425134,0.196004515,0.219264505,0.102835878,0.068709478,0.087780364,0.081082808
0,51,0.370286576,0.114630468,0.2,0.25,0.473610907,0.137021066,4,0.3489,0.1797,11,0.3821,0.2027,0.86932676,0.36246137,0.195868363,0.217537188,0.105722544,0.068494012,0.088858312,0.081613905
0,52,0.36760355,0.11464497,0.2,0.25,0.473610907,0.137021066,4,0.3489,0.1797,11,0.3821,0.2027,0.879733141,0.360622205,0.195753946,0.215434292,0.108343201,0.067690322,0.089240323,0.081408876
0,53,0.365021771,0.113933237,0.2,0.25,0.473610907,0.137021066,4,0.3489,0.1797,11,0.3821,0.2027,0.890172535,0.35881015,0.19565359,0.213883961,0.111016433,0.067713947,0.090394713,0.081956089
0,54,0.363247863,0.113247863,0.2,0.25,0.473610907,0.137021066,4,0.3489,0.1797,11,0.3821,0.2027,0.897490642,0.357559202,0.195591473,0.21295777,0.112894493,0.067983437,0.091417109,0.082539875
0,55,0.361538462,0.113286713,0.2,0.25,0.473610907,0.137021066,4,0.3489,0.1797,11,0.3821,0.2027,0.904425639,0.356388204,0.195538627,0.211625134,0.114558075,0.067605143,0.091747004,0.082412999
0,56,0.359203297,0.113324176,0.2,0.25,0.473610907,0.137021066,4,0.3489,0.1797,11,0.3821,0.2027,0.914056047,0.354785056,0.195474589,0.209823665,0.11683597,0.067170737,0.09226211,0.082269139
0,57,0.356950067,0.113360324,0.2,0.25,0.473610907,0.137021066,4,0.3489,0.1797,11,0.3821,0.2027,0.923519216,0.353235333,0.195421818,0.20809547,0.119036054,0.066826314,0.092812159,0.08214553
0,58,0.355437666,0.113395225,0.2,0.25,0.473610907,0.137021066,4,0.3489,0.1797,11,0.3821,0.2027,0.929965373,0.352193968,0.195391403,0.206934126,0.120511805,0.066626303,0.093199908,0.082060312
0,59,0.353976532,0.112777053,0.2,0.25,0.473610907,0.137021066,4,0.3489,0.1797,11,0.3821,0.2027,0.936364372,0.351171498,0.195365488,0.206249629,0.122066194,0.067115214,0.094218182,0.082636056
0,60,0.355128205,0.111538462,0.2,0.25,0.473610907,0.137021066,4,0.3489,0.1797,11,0.3821,0.2027,0.931599903,0.35193173,0.195384384,0.207933541,0.121192053,0.068445496,0.095067891,0.08390683
0,61,0.353089533,0.111601513,0.2,0.25,0.473610907,0.137021066,4,0.3489,0.1797,11,0.3821,0.2027,0.94037751,0.350535925,0.195351351,0.206374772,0.123172867,0.068227239,0.095606179,0.08378876
0,62,0.352977667,0.111042184,0.2,0.25,0.473610907,0.137021066,4,0.3489,0.1797,11,0.3821,0.2027,0.940936836,0.350447687,0.195349508,0.206667466,0.123398869,0.068778798,0.096173102,0.084345277
0,63,0.351648352,0.10989011,0.2,0.25,0.473610907,0.137021066,4,0.3489,0.1797,11,0.3821,0.2027,0.946863562,0.349517845,0.195331859,0.206465503,0.124943802,0.069863969,0.097677933,0.085468307
0,64,0.349759615,0.108774038,0.2,0.25,0.473610907,0.137021066,4,0.3489,0.1797,11,0.3821,0.2027,0.955265664,0.348215585,0.195312589,0.205846337,0.127031638,0.070931171,0.099337741,0.086552324
0,65,0.347928994,0.107692308,0.2,0.25,0.473610907,0.137021066,4,0.3489,0.1797,11,0.3821,0.2027,0.963464519,0.346962584,0.195300055,0.205266818,0.129058588,0.072014239,0.100965931,0.087613077
0,66,0.346153846,0.107226107,0.2,0.25,0.473610907,0.137021066,4,0.3489,0.1797,11,0.3821,0.2027,0.971455537,0.345757947,0.195293564,0.204316742,0.130893246,0.072525902,0.102016617,0.088068347
0,67,0.345005741,0.10619977,0.2,0.25,0.473610907,0.137021066,4,0.3489,0.1797,11,0.3821,0.2027,0.976670715,0.344980477,0.195292273,0.204218439,0.132246894,0.073603322,0.10338413,0.089092507
0,68,0.342760181,0.106334842,0.2,0.25,0.473610907,0.137021066,4,0.3489,0.1797,11,0.3821,0.2027,0.986974023,0.343464385,0.195296304,0.202534311,0.134400732,0.073621626,0.104085855,0.08896425
0,69,0.341137124,0.105908584,0.2,0.25,0.473610907,0.137021066,4,0.3489,0.1797,11,0.3821,0.2027,0.99451018,0.34237195,0.195304584,0.201697853,0.136078249,0.074198621,0.1051025,0.089404527
0,70,0.340659341,0.108241758,0.2,0.25,0.473610907,0.137021066,4,0.3489,0.1797,11,0.3821,0.2027,0.996924163,0.342024925,0.195308157,0.199700899,0.136030759,0.071931834,0.103148862,0.087077107
1,1,0.625,0.125,0.2,0.25,0.473610907,0.137021066,3,0.4399,0.1757,3,0.5329,0.2241,0.386101299,0.492980491,0.24393944,0.443001129,0.15186561,0.191917951,0.135289394,0.177695642
1,2,0.666666667,0.1875,0.2,0.25,0.473610907,0.137021066,2,0.4751,0.2755,3,0.5329,0.2241,0.303296187,0.521630171,0.273787176,0.470833333,0.199546108,0.21081221,0.138683384,0.168763331
1,3,0.611111111,0.194444444,0.2,0.25,0.473610907,0.137021066,2,0.4751,0.2755,3,0.5329,0.2241,0.330342912,0.512511202,0.262627095,0.414847882,0.14900923,0.15833201,0.083644664,0.119878338
1,4,0.604166667,0.177083333,0.2,0.25,0.473610907,0.137021066,2,0.4751,0.2755,3,0.5329,0.2241,0.353228664,0.504559786,0.254303079,0.410691532,0.13656424,0.162308486,0.085378596,0.126033407
1,5,0.558333333,0.191666667,0.2,0.25,0.473610907,0.137021066,2,0.4751,0.2755,3,0.5329,0.2241,0.378404273,0.495697233,0.246209633,0.363050349,0.10081682,0.118134735,0.041216205,0.083055501
1,6,0.541666667,0.215277778,0.2,0.25,0.473610907,0.137021066,2,0.4751,0.2755,3,0.5329,0.2241,0.36671177,0.499821159,0.249837437,0.343426475,0.103709688,0.089765456,0.012437285,0.054271692
1,7,0.547619048,0.220238095,0.2,0.25,0.473610907,0.137021066,2,0.4751,0.2755,3,0.5329,0.2241,0.354110588,0.504250707,0.254001396,0.348890776,0.111365519,0.091175054,0.015217249,0.054961563
1,8,0.536458333,0.21875,0.2,0.25,0.473610907,0.137021066,2,0.4751,0.2755,3,0.5329,0.2241,0.367816471,0.499431917,0.249485175,0.337906455,0.103099067,0.083578751,0.006425281,0.048120749
1,9,0.523148148,0.217592593,0.2,0.25,0.473610907,0.137021066,2,0.4751,0.2755,3,0.5329,0.2241,0.384954154,0.493385349,0.244272014,0.324769096,0.094581759,0.075245547,0.011723692,0.039970185
1,10,0.520833333,0.2125,0.2,0.25,0.473610907,0.137021066,2,0.4751,0.2755,3,0.5329,0.2241,0.394871756,0.489886944,0.241461839,0.323017457,0.089033854,0.077849456,0.016738114,0.042384751
1,11,0.515151515,0.215909091,0.2,0.25,0.473610907,0.137021066,2,0.4751,0.2755,3,0.5329,0.2241,0.397560855,0.488939416,0.240724783,0.316990012,0.089156843,0.071799724,0.019547371,0.036095606
1,12,0.520833333,0.222222222,0.2,0.25,0.473610907,0.137021066,2,0.4751,0.2755,3,0.5329,0.2241,0.381369307,0.494650673,0.245324278,0.322033589,0.097412497,0.070214382,0.0122119,0.034917569
1,13,0.519230769,0.217948718,0.2,0.25,0.473610907,0.137021066,2,0.4751,0.2755,3,0.5329,0.2241,0.389384837,0.491821867,0.242998475,0.320835735,0.092900251,0.072523616,0.014989534,0.037131365
1,14,0.511904762,0.205357143,0.2,0.25,0.473610907,0.137021066,3,0.4399,0.1757,3,0.5329,0.2241,0.416637004,0.482241447,0.235786168,0.315083426,0.078334148,0.077873178,0.028144177,0.04249515
1,15,0.497222222,0.208333333,0.2,0.25,0.473610907,0.137021066,3,0.4399,0.1757,3,0.5329,0.2241,0.434312102,0.476091037,0.231635932,0.300128573,0.075119463,0.065960379,0.039006302,0.031456924
1,16,0.494791667,0.208333333,0.2,0.25,0.473610907,0.137021066,3,0.4399,0.1757,3,0.5329,0.2241,0.438181815,0.474753806,0.230778389,0.297721746,0.07439129,0.063859451,0.041241155,0.030088143
1,17,0.49754902,0.200980392,0.2,0.25,0.473610907,0.137021066,3,0.4399,0.1757,3,0.5329,0.2241,0.444148011,0.472699569,0.229490613,0.301559847,0.06829223,0.062948453,0.042239887,0.037819676
1,18,0.49537037,0.196759259,0.2,0.25,0.473610907,0.137021066,3,0.4399,0.1757,3,0.5329,0.2241,0.453476042,0.469507317,0.227558116,0.300130359,0.063577716,0.059333417,0.046432631,0.040217746
1,19,0.495614035,0.190789474,0.2,0.25,0.473610907,0.137021066,3,0.4399,0.1757,3,0.5329,0.2241,0.461149842,0.466900405,0.226039549,0.301485562,0.058096294,0.057721278,0.049998343,0.045464716
1,20,0.491666667,0.1875,0.2,0.25,0.473610907,0.137021066,3,0.4399,0.1757,3,0.5329,0.2241,0.472108456,0.463210045,0.223977332,0.298287939,0.053610943,0.053094517,0.055133908,0.046264188
1,21,0.494047619,0.180555556,0.2,0.25,0.473610907,0.137021066,3,0.4399,0.1757,3,0.5329,0.2241,0.477138838,0.461529537,0.223070977,0.302136613,0.048092733,0.054364888,0.058357743,0.053525571
1,22,0.492424242,0.176136364,0.2,0.25,0.473610907,0.137021066,3,0.4399,0.1757,3,0.5329,0.2241,0.485495637,0.458757445,0.221619056,0.301608644,0.043404471,0.052526055,0.062759839,0.056587353
1,23,0.489130435,0.173913043,0.2,0.25,0.473610907,0.137021066,3,0.4399,0.1757,7,0.4311,0.2029,0.493963736,0.45597442,0.220213813,0.298974302,0.040023415,0.049262855,0.064867365,0.056948069
1,24,0.486111111,0.171875,0.2,0.25,0.473610907,0.137021066,3,0.4399,0.1757,7,0.4311,0.2029,0.501836325,0.45341142,0.218964573,0.29658571,0.037027717,0.046369143,0.063156733,0.057329728
1,25,0.485,0.168333333,0.2,0.25,0.473610907,0.137021066,3,0.4399,0.1757,7,0.4311,0.2029,0.508192078,0.451359817,0.217994716,0.296469972,0.033319207,0.045697678,0.064031746,0.059982621
1,26,0.487179487,0.168269231,0.2,0.25,0.473610907,0.137021066,3,0.4399,0.1757,7,0.4311,0.2029,0.504370928,0.452591359,0.218573734,0.298583282,0.034066908,0.04785986,0.065910538,0.061048191
1,27,0.486111111,0.171296296,0.2,0.25,0.473610907,0.137021066,3,0.4399,0.1757,7,0.4311,0.2029,0.502553538,0.453179114,0.218853425,0.296738674,0.03648351,0.046420463,0.063443017,0.057846321
1,28,0.485119048,0.171130952,0.2,0.25,0.473610907,0.137021066,3,0.4399,0.1757,7,0.4311,0.2029,0.504537973,0.452537401,0.218548166,0.295826297,0.035998912,0.045449296,0.062668412,0.057532216
1,29,0.487068966,0.166666667,0.2,0.25,0.473610907,0.137021066,3,0.4399,0.1757,7,0.4311,0.2029,0.506515974,0.451899308,0.218247196,0.298919781,0.032557349,0.048026164,0.06667368,0.062429607
1,30,0.488888889,0.165277778,0.2,0.25,0.473610907,0.137021066,3,0.4399,0.1757,7,0.4311,0.2029,0.504979708,0.452394766,0.218480668,0.301055884,0.032122554,0.050085267,0.068956416,0.064516421
1,31,0.48655914,0.162634409,0.2,0.25,0.473610907,0.137021066,3,0.4399,0.1757,7,0.4311,0.2029,0.512265845,0.450053248,0.217390702,0.299581186,0.028700175,0.048453947,0.068534911,0.065809815
1,32,0.485677083,0.162760417,0.2,0.25,0.473610907,0.137021066,3,0.4399,0.1757,7,0.4311,0.2029,0.513695126,0.449596416,0.217181982,0.298700755,0.028427219,0.047570728,0.067748389,0.065295645
1,33,0.482323232,0.162878788,0.2,0.25,0.473610907,0.137021066,3,0.4399,0.1757,7,0.4311,0.2029,0.519651187,0.44770163,0.216329751,0.295459833,0.027286011,0.044318327,0.065003976,0.06368407
1,34,0.479166667,0.161764706,0.2,0.25,0.473610907,0.137021066,3,0.4399,0.1757,7,0.4311,0.2029,0.52684993,0.44543093,0.215336561,0.292778918,0.025359696,0.041666096,0.063265448,0.063309111
1,35,0.478571429,0.160714286,0.2,0.25,0.473610907,0.137021066,3,0.4399,0.1757,7,0.4311,0.2029,0.529214576,0.44468974,0.21501889,0.292530305,0.02420693,0.041473498,0.063507252,0.064007491
1,36,0.474537037,0.158564815,0.2,0.25,0.473610907,0.137021066,3,0.4399,0.1757,7,0.4311,0.2029,0.539470444,0.441502266,0.213688556,0.289363055,0.021563646,0.038643743,0.062067583,0.064264477
1,37,0.475225225,0.161036036,0.2,0.25,0.473610907,0.137021066,3,0.4399,0.1757,7,0.4311,0.2029,0.535236822,0.442812672,0.214228501,0.289246455,0.024069167,0.03824792,0.060824559,0.062289742
1,38,0.475877193,0.164473684,0.2,0.25,0.473610907,0.137021066,3,0.4399,0.1757,7,0.4311,0.2029,0.52988613,0.444479669,0.214929432,0.288830359,0.027546004,0.037688043,0.059004905,0.059427157
1,39,0.479700855,0.163461538,0.2,0.25,0.473610907,0.137021066,3,0.4399,0.1757,7,0.4311,0.2029,0.523826859,0.446381889,0.215748816,0.292782297,0.027132749,0.04163998,0.062589419,0.06200091
1,40,0.48125,0.159375,0.2,0.25,0.473610907,0.137021066,3,0.4399,0.1757,7,0.4311,0.2029,0.525775275,0.445768547,0.215482319,0.295490191,0.023623169,0.044455912,0.066403676,0.066384974
1,41,0.480691057,0.156504065,0.2,0.25,0.473610907,0.137021066,3,0.4399,0.1757,7,0.4311,0.2029,0.53015664,0.444395104,0.214893492,0.295852935,0.020729587,0.045082083,0.067910645,0.068751155
1,42,0.479166667,0.154761905,0.2,0.25,0.473610907,0.137021066,3,0.4399,0.1757,7,0.4311,0.2029,0.535014248,0.442881774,0.214257243,0.294964951,0.018590423,0.04450028,0.068027058,0.069687077
1,43,0.476744186,0.153100775,0.2,0.25,0.473610907,0.137021066,3,0.4399,0.1757,7,0.4311,0.2029,0.541503119,0.440875812,0.213433824,0.293218015,0.016382139,0.043222899,0.067552606,0.070189864
1,44,0.476325758,0.150568182,0.2,0.25,0.473610907,0.137021066,3,0.4399,0.1757,7,0.4311,0.2029,0.545164133,0.439751968,0.212982289,0.293670923,0.013816467,0.044254312,0.069166382,0.072340603
1,45,0.477777778,0.149074074,0.2,0.25,0.473610907,0.137021066,3,0.4399,0.1757,7,0.4311,0.2029,0.544069313,0.44008745,0.213116349,0.295544474,0.012752953,0.046299741,0.07124637,0.074309984
1,46,0.476449275,0.148550725,0.2,0.25,0.473610907,0.137021066,3,0.4399,0.1757,7,0.4311,0.2029,0.547181393,0.439135173,0.212737426,0.294476073,0.011873894,0.04552947,0.070784183,0.074244695
1,47,0.476950355,0.14893617,0.2,0.25,0.473610907,0.137021066,3,0.4399,0.1757,7,0.4311,0.2029,0.545795731,0.439558664,0.212905324,0.294814173,0.012374232,0.045705923,0.070812075,0.074095825
1,48,0.4765625,0.1484375,0.2,0.25,0.473610907,0.137021066,3,0.4399,0.1757,7,0.4311,0.2029,0.547090799,0.439162835,0.212748363,0.29462138,0.011791814,0.045687885,0.070943659,0.07439504
1,49,0.477040816,0.146258503,0.2,0.25,0.473610907,0.137021066,3,0.4399,0.1757,7,0.4311,0.2029,0.548587928,0.438706148,0.21256833,0.295827504,0.009853656,0.047394535,0.072930225,0.076593341
1,50,0.475,0.145,0.2,0.25,0.473610907,0.137021066,3,0.4399,0.1757,7,0.4311,0.2029,0.553876898,0.437100529,0.211944336,0.294363721,0.008098949,0.046631534,0.072660994,0.076927979
1,51,0.475490196,0.144607843,0.2,0.25,0.473610907,0.137021066,3,0.4399,0.1757,7,0.4311,0.2029,0.553361044,0.437256599,0.212004381,0.294961616,0.007816068,0.047258695,0.07326981,0.077486136
1,52,0.473557692,0.144230769,0.2,0.25,0.473610907,0.137021066,3,0.4399,0.1757,7,0.4311,0.2029,0.557509401,0.436004795,0.211526432,0.293293268,0.0072099,0.046077682,0.072420538,0.07706443
1,53,0.47327044,0.143081761,0.2,0.25,0.473610907,0.137021066,3,0.4399,0.1757,7,0.4311,0.2029,0.559313664,0.435462675,0.211322029,0.293442061,0.006070251,0.046664074,0.073188577,0.078013853
1,54,0.472993827,0.143518519,0.2,0.25,0.473610907,0.137021066,3,0.4399,0.1757,7,0.4311,0.2029,0.559381337,0.43544237,0.211314403,0.293025486,0.00652669,0.046161122,0.072672231,0.077500928
1,55,0.471212121,0.143181818,0.2,0.25,0.473610907,0.137021066,3,0.4399,0.1757,7,0.4311,0.2029,0.563246613,0.434285874,0.210883644,0.291489517,0.006611282,0.045142896,0.071939165,0.077117345
1,56,0.470238095,0.142857143,0.2,0.25,0.473610907,0.137021066,3,0.4399,0.1757,7,0.4311,0.2029,0.565528167,0.433606292,0.21063378,0.290702975,0.006740597,0.044710774,0.071672416,0.077042596
1,57,0.468567251,0.144736842,0.2,0.25,0.473610907,0.137021066,3,0.4399,0.1757,7,0.4311,0.2029,0.566844889,0.433215131,0.210491048,0.288459184,0.009218008,0.042196309,0.069186327,0.074655127
1,58,0.468390805,0.144396552,0.2,0.25,0.473610907,0.137021066,3,0.4399,0.1757,7,0.4311,0.2029,0.567568933,0.433000361,0.210413016,0.288419334,0.009035887,0.042327672,0.069377645,0.07490432
1,59,0.468220339,0.143361582,0.2,0.25,0.473610907,0.137021066,3,0.4399,0.1757,7,0.4311,0.2029,0.569029013,0.432567962,0.210256635,0.288641477,0.008322281,0.042986217,0.07016226,0.075802639
1,60,0.468055556,0.14375,0.2,0.25,0.473610907,0.137021066,3,0.4399,0.1757,7,0.4311,0.2029,0.568943663,0.432593213,0.210265741,0.288345008,0.008725852,0.042585653,0.069745506,0.075378522
1,61,0.467213115,0.142759563,0.2,0.25,0.473610907,0.137021066,3,0.4399,0.1757,7,0.4311,0.2029,0.571714399,0.431775135,0.209972395,0.287929436,0.008594306,0.042791105,0.070150048,0.075982993
1,62,0.467741935,0.140456989,0.2,0.25,0.473610907,0.137021066,3,0.4399,0.1757,7,0.4311,0.2029,0.573095764,0.431368537,0.209827869,0.289284316,0.006800764,0.04491373,0.072400007,0.078328431
1,63,0.467592593,0.14021164,0.2,0.25,0.473610907,0.137021066,3,0.4399,0.1757,7,0.4311,0.2029,0.573657419,0.431203456,0.209769432,0.289239139,0.006811745,0.04501448,0.072536472,0.07850131
1,64,0.466145833,0.139322917,0.2,0.25,0.473610907,0.137021066,3,0.4399,0.1757,7,0.4311,0.2029,0.577535553,0.430067388,0.209371012,0.288241256,0.007811904,0.044856838,0.072596529,0.078793337
1,65,0.46474359,0.137820513,0.2,0.25,0.473610907,0.137021066,3,0.4399,0.1757,7,0.4311,0.2029,0.581979427,0.428773731,0.20892523,0.287529834,0.008903282,0.045299663,0.073261387,0.079685077
1,66,0.463383838,0.136994949,0.2,0.25,0.473610907,0.137021066,3,0.4399,0.1757,7,0.4311,0.2029,0.585646338,0.427712813,0.208565868,0.28660284,0.010227102,0.045272195,0.073387478,0.079967609
1,67,0.461442786,0.137437811,0.2,0.25,0.473610907,0.137021066,3,0.4399,0.1757,7,0.4311,0.2029,0.589244386,0.426677585,0.208220564,0.28464465,0.012175255,0.043909985,0.072152497,0.078859478
1,68,0.460784314,0.136029412,0.2,0.25,0.473610907,0.137021066,3,0.4399,0.1757,7,0.4311,0.2029,0.592080918,0.425865489,0.207953359,0.284601042,0.01286487,0.044832021,0.073163065,0.079952351
1,69,0.460144928,0.135869565,0.2,0.25,0.473610907,0.137021066,3,0.4399,0.1757,7,0.4311,0.2029,0.593596688,0.425432983,0.207812361,0.28407946,0.013515123,0.044680204,0.073052632,0.07987919
1,70,0.460714286,0.135714286,0.2,0.25,0.473610907,0.137021066,3,0.4399,0.1757,7,0.4311,0.2029,0.592551308,0.42573116,0.20790947,0.284663245,0.012962658,0.045078729,0.073422926,0.080224459